<?xml version='1.0' encoding='UTF-8' ?>
<!DOCTYPE toc
  PUBLIC "-//Sun Microsystems Inc.//DTD JavaHelp TOC Version 1.0//EN"
         "toc_1_0.dtd">

<toc version="1.0">
<tocitem image="toplevelfolder" target="overview" text="Компонент пользователя">
    <tocitem text="Для начала">
      <tocitem target="introduction" text="Введение"/>
      <tocitem target="start" text="Старт клиента"/>
    </tocitem>
    <tocitem text="Работа пользователя">
      <tocitem target="loginning" text="Вход в систему"/>
      <tocitem target="client" text="Работа пользователя"/>
    </tocitem>
</tocitem>
</toc>