<Board visible="$serverboard" x="100" y="100" Наименование="Сохранить конфигурацию табло">
    <Main>
        <Параметер Наименование="Номер дополнительного монитора для табло" Тип="1" Значение="1"/>
        <Параметер Наименование="Фоновое изображение" Тип="3" Значение="config/board/wall_ligth.jpg"/>
        <Параметер Наименование="Количество строк на табло" Тип="1" Значение="4"/>
        <Параметер Наименование="Количество столбцов на табло" Тип="1" Значение="1"/>
        <Параметер Наименование="Окантовка строк" Тип="3" Значение="3,0,1,0"/>
        <Параметер Наименование="Размер шрифта заголовка" Тип="1" Значение="40"/>
        <Параметер Наименование="Размер шрифта строк" Тип="1" Значение="75"/>
        <Параметер Наименование="Цвет шрифта заголовка" Тип="3" Значение="CC0033"/>
        <Параметер Наименование="Цвет шрифта левого столбца" Тип="3" Значение="ff0000"/>
        <Параметер Наименование="Цвет шрифта правого столбца" Тип="3" Значение="000000"/>
        <Параметер Наименование="Font name" Тип="3" Значение=""/>
        <Параметер Наименование="Цвет фона" Тип="3" Значение="100000"/>
		<Параметер Наименование="Разделитель столбцов" Тип="3" Значение=""/>
		<Параметер Наименование="Left column pic" Тип="3" Значение="config/board/customer.png"/>
		<Параметер Наименование="Right column pic" Тип="3" Значение="config/board/point.png"/>
		<Параметер Наименование="Ext column pic" Тип="3" Значение="config/board/customer.png"/>
        <Параметер Наименование="Минимальное время индикации на табло" Тип="1" Значение="7"/>
        <Параметер Наименование="Заголовок левого столбца" Тип="3" Значение=""/>
        <Параметер Наименование="Заголовок правого столбца" Тип="3" Значение=""/>
		<Параметер Наименование="Заголовок дополнительного столбца" Тип="3" Значение=""/>
		<Параметер Наименование="Порядок дополнительного столбца" Тип="1" Значение="0"/>
        <Параметер Наименование="Заголовок таблицы следующих" Тип="3" Значение=""/>
		<Параметер Наименование="Рамка таблицы следующих" Тип="1" Значение="0"/>
		<Параметер Наименование="Цвет рамки строки табло" Тип="3" Значение="FFFF00"/>
		<Параметер Наименование="Надпись строки табло" Тип="3" Значение=""/>
		<Параметер Наименование="Цвет надписи строки табло" Тип="3" Значение="FF0000"/>
		<Параметер Наименование="Панель вызванного" Тип="4" Значение="1"/>
		<Параметер Наименование="Картинка панели вызванного" Тип="3" Значение=""/>
		<Параметер Наименование="Панель вызванного-X" Тип="1" Значение="20"/>
		<Параметер Наименование="Панель вызванного-Y" Тип="1" Значение="400"/>
		<Параметер Наименование="Панель вызванного-ширина" Тип="1" Значение="1240"/>
		<Параметер Наименование="Панель вызванного-высота" Тип="1" Значение="300"/>
		<Параметер Наименование="Панель вызванного-время показа сек" Тип="1" Значение="4"/>
		<Параметер Наименование="Панель вызванного-текст html+###" Тип="3" Значение="&lt;p align=center&gt;&lt;span style='font-size:80.0pt;color:black'&gt;КЛИЕНТ &amp;nbsp;&amp;nbsp;&amp;nbsp;&amp;nbsp; ОКНО&lt;/span&gt;&lt;BR&gt;&lt;span style='font-size:160.0pt;color:red'&gt; ###  →  @@@&lt;/span&gt;&lt;/p&gt;"/>
    </Main>
    <Top visible="1" Размер="0.49"><Параметер Наименование="Бегущий текст" Тип="3" Значение="config/board/run.txt"/><!--Параметер Наименование="Бегущий текст" Тип="3" Значение=""/--><Параметер Наименование="Скорость бегущего текста" Тип="1" Значение="5"/><Параметер Наименование="Размер шрифта" Тип="1" Значение="70"/><Параметер Наименование="Цвет шрифта" Тип="3" Значение="FFFF00"/><Параметер Наименование="Простая дата" Тип="4" Значение="0"/><Параметер Наименование="Фоновое изображение" Тип="3" Значение="config/board/wall.jpg"/><Параметер Наименование="Видеофайл" Тип="3" Значение="E:/media"/><Параметер Наименование="Таблица следующих" Тип="4" Значение="0"/><Параметер Наименование="Колонки табл след" Тип="1" Значение="1"/><Параметер Наименование="Строки табл след" Тип="1" Значение="5"/><Параметер Наименование="Fractal" Тип="3" Значение=""/></Top>
    <Left visible="0" Размер="0.12">
        <Параметер Наименование="Бегущий текст" Тип="3" Значение=" "/>
        <Параметер Наименование="Скорость бегущего текста" Тип="1" Значение="4"/>
        <Параметер Наименование="Размер шрифта" Тип="1" Значение="40"/>
        <Параметер Наименование="Цвет шрифта" Тип="3" Значение="000000"/>
        <Параметер Наименование="Простая дата" Тип="4" Значение="0"/>
        <Параметер Наименование="Фоновое изображение" Тип="3" Значение=""/>
        <Параметер Наименование="Видеофайл" Тип="3" Значение="config/board/video.mpg1"/>
		<Параметер Наименование="Fractal" Тип="3" Значение=""/>
    <Параметер Наименование="Таблица следующих" Тип="4" Значение="1"/><Параметер Наименование="Колонки табл след" Тип="1" Значение="2"/><Параметер Наименование="Строки табл след" Тип="1" Значение="5"/></Left>
    <Right visible="1" Размер="0.18"><Параметер Наименование="Бегущий текст" Тип="3" Значение=" "/><Параметер Наименование="Скорость бегущего текста" Тип="1" Значение="7"/><Параметер Наименование="Размер шрифта" Тип="1" Значение="50"/><Параметер Наименование="Цвет шрифта" Тип="3" Значение="FFCCCC"/><Параметер Наименование="Простая дата" Тип="4" Значение="0"/><Параметер Наименование="Фоновое изображение" Тип="3" Значение=""/><Параметер Наименование="Видеофайл" Тип="3" Значение="E:/media/nofiles"/><Параметер Наименование="Таблица следующих" Тип="4" Значение="0"/><Параметер Наименование="Колонки табл след" Тип="1" Значение="1"/><Параметер Наименование="Строки табл след" Тип="1" Значение="5"/><Параметер Наименование="Fractal" Тип="3" Значение=""/><![CDATA[<html><body>
<p align=center>
<span style='font-size:30.0pt;color:red'>
<u>Are you ready for a good time?</u>
</span>
</p>
<div style='text-align: center;'>
 <img src='config/board/q.png'>
</div>
<div style="margin: 10px;  padding: 10;">
<p align=justify>
<span style='font-size:16.0pt;color:blue;'>
Добро пожаловать  Welcome  Mire se vini  Welkomma  Ahlan wa sahlan  Bari galoust  Xos gelmissiniz  Akwaba  Ongi etorri  Шчыра запрашаем  Swagata  Amrehba sisswene  Aani kie  Dobro dosli  Degemer mad  Добре дошъл  Kyo tzo pa eit  Benvinguts  Dobrodosli   Vitejte  Velkommen  Bonvenon  Tere tulemast  Gabite  Tervetuloa  Herzlich willkommen  Kalos ilthate  Eguahe pora  Mikouabo  Baroukh haba  Swaagat  Udvozlom  Nnoo  Selamat datang  Failte  Yokoso  Amrehva ysswene Chum reap suor   Dobrodosli  Hosgeldiniz ยินดีต้อนรับ   Vitame vas  Croeso Rahim itegez  Witajcie  Khosh amadid
</span></p></div>
</body></html>]]></Right>
    <Bottom visible="0" Размер="0.43"><Параметер Наименование="Бегущий текст" Тип="3" Значение=""/><Параметер Наименование="Скорость бегущего текста" Тип="1" Значение="4"/><Параметер Наименование="Размер шрифта" Тип="1" Значение="65"/><Параметер Наименование="Цвет шрифта" Тип="3" Значение="FFFF00"/><Параметер Наименование="Простая дата" Тип="4" Значение="1"/><Параметер Наименование="Фоновое изображение" Тип="3" Значение="config/board/wall.jpg"/><Параметер Наименование="Видеофайл" Тип="3" Значение=""/><Параметер Наименование="Таблица следующих" Тип="4" Значение="0"/><Параметер Наименование="Колонки табл след" Тип="1" Значение="2"/><Параметер Наименование="Строки табл след" Тип="1" Значение="4"/><Параметер Наименование="Fractal" Тип="3" Значение=""/></Bottom>
	<Bottom2 visible="0" Размер="0.23"><Параметер Наименование="Бегущий текст" Тип="3" Значение=""/><Параметер Наименование="Скорость бегущего текста" Тип="1" Значение="4"/><Параметер Наименование="Размер шрифта" Тип="1" Значение="70"/><Параметер Наименование="Цвет шрифта" Тип="3" Значение="FFFF00"/><Параметер Наименование="Простая дата" Тип="4" Значение="0"/><Параметер Наименование="Фоновое изображение" Тип="3" Значение="config/board/wall.jpg"/><Параметер Наименование="Видеофайл" Тип="3" Значение=""/><Параметер Наименование="Таблица следующих" Тип="4" Значение="0"/><Параметер Наименование="Колонки табл след" Тип="1" Значение="2"/><Параметер Наименование="Строки табл след" Тип="1" Значение="4"/><Параметер Наименование="Fractal" Тип="3" Значение=""/><![CDATA[http://localhost:8081/bottom2.html]]></Bottom2>
</Board>