<?xml version="1.0" encoding="UTF-8"?>
<userInput>
    <panel order="0" layout="left" id="UserInputPanel">
        <!--field type="title" align="left" txt="Сетевые параметры" bold="true" size="1" id="Параметры соединения с сервером:"/>

        <field type="divider" /-->
        <!-- field type="staticText" align="left" txt="Network settings" id="Для рабочего места и пункта регистрации:"/ -->
		<field type="staticText" align="left" txt="Network settings" id="forArmCP"/>
        <field type="rule" variable="serverAdress">
            <spec id="servAddr" size="20" default="127.0.0.1" layout="N:3:3 . N:3:3 . N:3:3 . N:3:3" resultFormat="displayFormat"/>
            <validator class="com.izforge.izpack.panels.userinput.validator.NotEmptyValidator" txt="The Multicast address is mandatory!"/>
        </field>
        <field type="rule" variable="serverPort">
            <spec id="servPort" layout="N:6:6" default="3128"/>
            <validator class="com.izforge.izpack.panels.userinput.validator.NotEmptyValidator" txt="Invalid Port"/>
        </field>
        
        <!--field type="divider" /-->
        <field type="staticText" align="left" txt="Network settings" id="forAdmin"/>
        <field type="rule" variable="welcomeAdress">
            <spec id="CPaddr" size="20" default="127.0.0.1" layout="N:3:3 . N:3:3 . N:3:3 . N:3:3"/>
            <validator class="com.izforge.izpack.panels.userinput.validator.NotEmptyValidator" txt="The Multicast address is mandatory!"/>
        </field>
        <field type="rule" variable="welcomePort">
            <spec id="CPport" layout="N:6:6" default="3129"/>
            <validator class="com.izforge.izpack.panels.userinput.validator.NotEmptyValidator" txt="Invalid Port"/>
        </field>

        <!--field type="divider" /-->
        <field type="staticText" align="left" txt="Network settings2" id="requestServ"/>
        <field type="rule" variable="clientPort">
            <spec id="clnPort" layout="N:6:6" default="3129"/>
            <validator class="com.izforge.izpack.panels.userinput.validator.NotEmptyValidator" txt="Invalid Port"/>
        </field>
		
		<field type="staticText" align="left" txt="Client point settings" id="requestClient"/>
        <field type="rule" variable="clientPoint">
            <spec id="clnPoint" layout="N:4:4" default=""/>
        </field>
		
		<!--field type="divider" /-->
        <field type="check" variable="multylangs">
            <spec txt="Multylangual registration point" id="multylng" true="1" false="0" set="false"/>
        </field>
		
		<field type="check" variable="serverboard">
            <spec txt="Show main board" id="serverboard" true="1" false="0" set="true"/>
        </field>
		
		<field type="check" variable="clientboard">
            <spec txt="Show operator's board" id="clientboard" true="1" false="0" set="true"/>
        </field>

    </panel>
</userInput>